# source_api_id	status	crystal_refs	notes
border.go::func::ASCIIBorder	ported	src/ultraviolet/border.cr	verified
border.go::func::BlockBorder	ported	src/ultraviolet/border.cr	verified
border.go::func::DoubleBorder	ported	src/ultraviolet/border.cr	verified
border.go::func::HiddenBorder	ported	src/ultraviolet/border.cr	verified
border.go::func::InnerHalfBlockBorder	ported	src/ultraviolet/border.cr	verified
border.go::func::MarkdownBorder	ported	src/ultraviolet/border.cr	verified
border.go::func::NormalBorder	ported	src/ultraviolet/border.cr	verified
border.go::func::OuterHalfBlockBorder	ported	src/ultraviolet/border.cr	verified
border.go::func::RoundedBorder	ported	src/ultraviolet/border.cr	verified
border.go::func::ThickBorder	ported	src/ultraviolet/border.cr	verified
border.go::method::Border.Draw	ported	src/ultraviolet/border.cr	verified
border.go::method::Border.Link	ported	src/ultraviolet/border.cr	verified
border.go::method::Border.Style	ported	src/ultraviolet/border.cr	verified
border.go::struct::Border	ported	src/ultraviolet/border.cr	verified
border.go::struct::Side	ported	src/ultraviolet/border.cr	verified
buffer.go::func::NewBuffer	ported	src/ultraviolet/buffer.cr	verified
buffer.go::func::NewLine	ported	src/ultraviolet/buffer.cr	verified
buffer.go::func::NewRenderBuffer	ported	src/ultraviolet/buffer.cr	verified
buffer.go::func::NewScreenBuffer	ported	src/ultraviolet/buffer.cr	verified
buffer.go::func::Pos	ported	src/ultraviolet/buffer.cr	verified
buffer.go::func::Rect	ported	src/ultraviolet/buffer.cr	verified
buffer.go::func::TrimSpace	ported	src/ultraviolet/buffer.cr	verified
buffer.go::method::Buffer.Bounds	ported	src/ultraviolet/buffer.cr	verified
buffer.go::method::Buffer.CellAt	ported	src/ultraviolet/buffer.cr	verified
buffer.go::method::Buffer.Clear	ported	src/ultraviolet/buffer.cr	verified
buffer.go::method::Buffer.ClearArea	ported	src/ultraviolet/buffer.cr	verified
buffer.go::method::Buffer.Clone	ported	src/ultraviolet/buffer.cr	verified
buffer.go::method::Buffer.CloneArea	ported	src/ultraviolet/buffer.cr	verified
buffer.go::method::Buffer.DeleteCell	ported	src/ultraviolet/buffer.cr	verified
buffer.go::method::Buffer.DeleteCellArea	ported	src/ultraviolet/buffer.cr	verified
buffer.go::method::Buffer.DeleteLine	ported	src/ultraviolet/buffer.cr	verified
buffer.go::method::Buffer.DeleteLineArea	ported	src/ultraviolet/buffer.cr	verified
buffer.go::method::Buffer.Draw	ported	src/ultraviolet/buffer.cr	verified
buffer.go::method::Buffer.Fill	ported	src/ultraviolet/buffer.cr	verified
buffer.go::method::Buffer.FillArea	ported	src/ultraviolet/buffer.cr	verified
buffer.go::method::Buffer.Height	ported	src/ultraviolet/buffer.cr	verified
buffer.go::method::Buffer.InsertCell	ported	src/ultraviolet/buffer.cr	verified
buffer.go::method::Buffer.InsertCellArea	ported	src/ultraviolet/buffer.cr	verified
buffer.go::method::Buffer.InsertLine	ported	src/ultraviolet/buffer.cr	verified
buffer.go::method::Buffer.InsertLineArea	ported	src/ultraviolet/buffer.cr	verified
buffer.go::method::Buffer.Line	ported	src/ultraviolet/buffer.cr	verified
buffer.go::method::Buffer.Render	ported	src/ultraviolet/buffer.cr	verified
buffer.go::method::Buffer.Resize	ported	src/ultraviolet/buffer.cr	verified
buffer.go::method::Buffer.SetCell	ported	src/ultraviolet/buffer.cr	verified
buffer.go::method::Buffer.String	ported	src/ultraviolet/buffer.cr	verified
buffer.go::method::Buffer.Width	ported	src/ultraviolet/buffer.cr	verified
buffer.go::method::Line.At	ported	src/ultraviolet/buffer.cr	verified
buffer.go::method::Line.Render	ported	src/ultraviolet/buffer.cr	verified
buffer.go::method::Line.Set	ported	src/ultraviolet/buffer.cr	verified
buffer.go::method::Line.String	ported	src/ultraviolet/buffer.cr	verified
buffer.go::method::Lines.Height	ported	src/ultraviolet/buffer.cr	verified
buffer.go::method::Lines.Render	ported	src/ultraviolet/buffer.cr	verified
buffer.go::method::Lines.String	ported	src/ultraviolet/buffer.cr	verified
buffer.go::method::Lines.Width	ported	src/ultraviolet/buffer.cr	verified
buffer.go::method::RenderBuffer.DeleteCell	ported	src/ultraviolet/buffer.cr	verified
buffer.go::method::RenderBuffer.DeleteCellArea	ported	src/ultraviolet/buffer.cr	verified
buffer.go::method::RenderBuffer.DeleteLine	ported	src/ultraviolet/buffer.cr	verified
buffer.go::method::RenderBuffer.DeleteLineArea	ported	src/ultraviolet/buffer.cr	verified
buffer.go::method::RenderBuffer.InsertCell	ported	src/ultraviolet/buffer.cr	verified
buffer.go::method::RenderBuffer.InsertCellArea	ported	src/ultraviolet/buffer.cr	verified
buffer.go::method::RenderBuffer.InsertLine	ported	src/ultraviolet/buffer.cr	verified
buffer.go::method::RenderBuffer.InsertLineArea	ported	src/ultraviolet/buffer.cr	verified
buffer.go::method::RenderBuffer.SetCell	ported	src/ultraviolet/buffer.cr	verified
buffer.go::method::RenderBuffer.Touch	ported	src/ultraviolet/buffer.cr	verified
buffer.go::method::RenderBuffer.TouchLine	ported	src/ultraviolet/buffer.cr	verified
buffer.go::method::RenderBuffer.TouchedLines	ported	src/ultraviolet/buffer.cr	verified
buffer.go::method::ScreenBuffer.WidthMethod	ported	src/ultraviolet/buffer.cr	verified
buffer.go::struct::Buffer	ported	src/ultraviolet/buffer.cr	verified
buffer.go::struct::RenderBuffer	ported	src/ultraviolet/buffer.cr	verified
buffer.go::struct::ScreenBuffer	ported	src/ultraviolet/buffer.cr	verified
buffer.go::type::Line	ported	src/ultraviolet/buffer.cr	verified
buffer.go::type::Lines	ported	src/ultraviolet/buffer.cr	verified
buffer.go::type::Position	ported	src/ultraviolet/buffer.cr	verified
buffer.go::type::Rectangle	ported	src/ultraviolet/buffer.cr	verified
cancelreader_other.go::func::NewCancelReader	ported	src/ultraviolet/cancelreader_other.cr	verified
cancelreader_windows.go::func::NewCancelReader	ported	src/ultraviolet/cancelreader_windows.cr	verified
cancelreader_windows.go::method::conInputReader.Cancel	ported	src/ultraviolet/cancelreader_windows.cr	verified
cancelreader_windows.go::method::conInputReader.Close	ported	src/ultraviolet/cancelreader_windows.cr	verified
cancelreader_windows.go::method::conInputReader.Read	ported	src/ultraviolet/cancelreader_windows.cr	verified
cell.go::const::AttrBlink	ported	src/ultraviolet/cell.cr	verified
cell.go::const::AttrBold	ported	src/ultraviolet/cell.cr	verified
cell.go::const::AttrConceal	ported	src/ultraviolet/cell.cr	verified
cell.go::const::AttrFaint	ported	src/ultraviolet/cell.cr	verified
cell.go::const::AttrItalic	ported	src/ultraviolet/cell.cr	verified
cell.go::const::AttrRapidBlink	ported	src/ultraviolet/cell.cr	verified
cell.go::const::AttrReset	ported	src/ultraviolet/cell.cr	verified
cell.go::const::AttrReverse	ported	src/ultraviolet/cell.cr	verified
cell.go::const::AttrSlowBlink	ported	src/ultraviolet/cell.cr	verified
cell.go::const::AttrStrikethrough	ported	src/ultraviolet/cell.cr	verified
cell.go::const::UnderlineCurly	ported	src/ultraviolet/cell.cr	verified
cell.go::const::UnderlineDashed	ported	src/ultraviolet/cell.cr	verified
cell.go::const::UnderlineDotted	ported	src/ultraviolet/cell.cr	verified
cell.go::const::UnderlineDouble	ported	src/ultraviolet/cell.cr	verified
cell.go::const::UnderlineNone	ported	src/ultraviolet/cell.cr	verified
cell.go::const::UnderlineSingle	ported	src/ultraviolet/cell.cr	verified
cell.go::const::UnderlineStyleCurly	ported	src/ultraviolet/cell.cr	verified
cell.go::const::UnderlineStyleDashed	ported	src/ultraviolet/cell.cr	verified
cell.go::const::UnderlineStyleDotted	ported	src/ultraviolet/cell.cr	verified
cell.go::const::UnderlineStyleDouble	ported	src/ultraviolet/cell.cr	verified
cell.go::const::UnderlineStyleNone	ported	src/ultraviolet/cell.cr	verified
cell.go::const::UnderlineStyleSingle	ported	src/ultraviolet/cell.cr	verified
cell.go::func::ConvertLink	ported	src/ultraviolet/cell.cr	verified
cell.go::func::ConvertStyle	ported	src/ultraviolet/cell.cr	verified
cell.go::func::NewCell	ported	src/ultraviolet/cell.cr	verified
cell.go::func::NewLink	ported	src/ultraviolet/cell.cr	verified
cell.go::func::StyleDiff	ported	src/ultraviolet/cell.cr	verified
cell.go::method::Cell.Clone	ported	src/ultraviolet/cell.cr	verified
cell.go::method::Cell.Empty	ported	src/ultraviolet/cell.cr	verified
cell.go::method::Cell.Equal	ported	src/ultraviolet/cell.cr	verified
cell.go::method::Cell.IsZero	ported	src/ultraviolet/cell.cr	verified
cell.go::method::Cell.String	ported	src/ultraviolet/cell.cr	verified
cell.go::method::Link.Equal	ported	src/ultraviolet/cell.cr	verified
cell.go::method::Link.IsZero	ported	src/ultraviolet/cell.cr	verified
cell.go::method::Link.String	ported	src/ultraviolet/cell.cr	verified
cell.go::method::Style.Diff	ported	src/ultraviolet/cell.cr	verified
cell.go::method::Style.Equal	ported	src/ultraviolet/cell.cr	verified
cell.go::method::Style.IsZero	ported	src/ultraviolet/cell.cr	verified
cell.go::method::Style.String	ported	src/ultraviolet/cell.cr	verified
cell.go::method::Style.Styled	ported	src/ultraviolet/cell.cr	verified
cell.go::struct::Cell	ported	src/ultraviolet/cell.cr	verified
cell.go::struct::Link	ported	src/ultraviolet/cell.cr	verified
cell.go::struct::Style	ported	src/ultraviolet/cell.cr	verified
cell.go::type::Underline	ported	src/ultraviolet/cell.cr	verified
cell.go::type::UnderlineStyle	ported	src/ultraviolet/cell.cr	verified
console.go::func::ControllingConsole	ported	src/ultraviolet/console.cr	verified
console.go::func::DefaultConsole	ported	src/ultraviolet/console.cr	verified
console.go::func::NewConsole	ported	src/ultraviolet/console.cr	verified
console.go::method::console.Close	ported	src/ultraviolet/console.cr	verified
console.go::method::console.Environ	ported	src/ultraviolet/console.cr	verified
console.go::method::console.GetSize	ported	src/ultraviolet/console.cr	verified
console.go::method::console.GetWinsize	ported	src/ultraviolet/console.cr	verified
console.go::method::console.Getenv	ported	src/ultraviolet/console.cr	verified
console.go::method::console.LookupEnv	ported	src/ultraviolet/console.cr	verified
console.go::method::console.MakeRaw	ported	src/ultraviolet/console.cr	verified
console.go::method::console.Read	ported	src/ultraviolet/console.cr	verified
console.go::method::console.Reader	ported	src/ultraviolet/console.cr	verified
console.go::method::console.Restore	ported	src/ultraviolet/console.cr	verified
console.go::method::console.Write	ported	src/ultraviolet/console.cr	verified
console.go::method::console.Writer	ported	src/ultraviolet/console.cr	verified
console.go::struct::TTY	ported	src/ultraviolet/console.cr	verified
console.go::struct::WinCon	ported	src/ultraviolet/console.cr	verified
console.go::struct::Winsize	ported	src/ultraviolet/console.cr	verified
console.go::type::Console	ported	src/ultraviolet/console.cr	verified
console.go::type::File	ported	src/ultraviolet/console.cr	verified
cursor.go::const::CursorBar	ported	src/ultraviolet/cursor.cr	verified
cursor.go::const::CursorBlock	ported	src/ultraviolet/cursor.cr	verified
cursor.go::const::CursorUnderline	ported	src/ultraviolet/cursor.cr	verified
cursor.go::method::CursorShape.Encode	ported	src/ultraviolet/cursor.cr	verified
cursor.go::type::CursorShape	ported	src/ultraviolet/cursor.cr	verified
decoder.go::method::EventDecoder.Decode	ported	src/ultraviolet/decoder.cr	verified
decoder.go::method::LegacyKeyEncoding.Backspace	ported	src/ultraviolet/decoder.cr	verified
decoder.go::method::LegacyKeyEncoding.CtrlAt	ported	src/ultraviolet/decoder.cr	verified
decoder.go::method::LegacyKeyEncoding.CtrlI	ported	src/ultraviolet/decoder.cr	verified
decoder.go::method::LegacyKeyEncoding.CtrlM	ported	src/ultraviolet/decoder.cr	verified
decoder.go::method::LegacyKeyEncoding.CtrlOpenBracket	ported	src/ultraviolet/decoder.cr	verified
decoder.go::method::LegacyKeyEncoding.FKeys	ported	src/ultraviolet/decoder.cr	verified
decoder.go::method::LegacyKeyEncoding.Find	ported	src/ultraviolet/decoder.cr	verified
decoder.go::method::LegacyKeyEncoding.Select	ported	src/ultraviolet/decoder.cr	verified
decoder.go::struct::EventDecoder	ported	src/ultraviolet/decoder.cr	verified
decoder.go::type::LegacyKeyEncoding	ported	src/ultraviolet/decoder.cr	verified
environ.go::method::Environ.Getenv	ported	src/ultraviolet/environ.cr	verified
environ.go::method::Environ.LookupEnv	ported	src/ultraviolet/environ.cr	verified
environ.go::type::Environ	ported	src/ultraviolet/environ.cr	verified
event.go::const::PrimaryClipboard	ported	src/ultraviolet/event.cr	verified
event.go::const::SystemClipboard	ported	src/ultraviolet/event.cr	verified
event.go::method::BackgroundColorEvent.IsDark	ported	src/ultraviolet/event.cr	verified
event.go::method::BackgroundColorEvent.String	ported	src/ultraviolet/event.cr	verified
event.go::method::CapabilityEvent.String	ported	src/ultraviolet/event.cr	verified
event.go::method::CellSizeEvent.Bounds	ported	src/ultraviolet/event.cr	verified
event.go::method::ClipboardEvent.Clipboard	ported	src/ultraviolet/event.cr	verified
event.go::method::ClipboardEvent.String	ported	src/ultraviolet/event.cr	verified
event.go::method::CursorColorEvent.IsDark	ported	src/ultraviolet/event.cr	verified
event.go::method::CursorColorEvent.String	ported	src/ultraviolet/event.cr	verified
event.go::method::ForegroundColorEvent.IsDark	ported	src/ultraviolet/event.cr	verified
event.go::method::ForegroundColorEvent.String	ported	src/ultraviolet/event.cr	verified
event.go::method::KeyPressEvent.Key	ported	src/ultraviolet/event.cr	verified
event.go::method::KeyPressEvent.Keystroke	ported	src/ultraviolet/event.cr	verified
event.go::method::KeyPressEvent.MatchString	ported	src/ultraviolet/event.cr	verified
event.go::method::KeyPressEvent.String	ported	src/ultraviolet/event.cr	verified
event.go::method::KeyReleaseEvent.Key	ported	src/ultraviolet/event.cr	verified
event.go::method::KeyReleaseEvent.Keystroke	ported	src/ultraviolet/event.cr	verified
event.go::method::KeyReleaseEvent.MatchString	ported	src/ultraviolet/event.cr	verified
event.go::method::KeyReleaseEvent.String	ported	src/ultraviolet/event.cr	verified
event.go::method::KeyboardEnhancementsEvent.Contains	ported	src/ultraviolet/event.cr	verified
event.go::method::KeyboardEnhancementsEvent.SupportsKeyDisambiguation	ported	src/ultraviolet/event.cr	verified
event.go::method::KeyboardEnhancementsEvent.SupportsKeyReleases	ported	src/ultraviolet/event.cr	verified
event.go::method::KeyboardEnhancementsEvent.SupportsUniformKeyLayout	ported	src/ultraviolet/event.cr	verified
event.go::method::MouseClickEvent.Mouse	ported	src/ultraviolet/event.cr	verified
event.go::method::MouseClickEvent.String	ported	src/ultraviolet/event.cr	verified
event.go::method::MouseMotionEvent.Mouse	ported	src/ultraviolet/event.cr	verified
event.go::method::MouseMotionEvent.String	ported	src/ultraviolet/event.cr	verified
event.go::method::MouseReleaseEvent.Mouse	ported	src/ultraviolet/event.cr	verified
event.go::method::MouseReleaseEvent.String	ported	src/ultraviolet/event.cr	verified
event.go::method::MouseWheelEvent.Mouse	ported	src/ultraviolet/event.cr	verified
event.go::method::MouseWheelEvent.String	ported	src/ultraviolet/event.cr	verified
event.go::method::MultiEvent.String	ported	src/ultraviolet/event.cr	verified
event.go::method::PasteEvent.String	ported	src/ultraviolet/event.cr	verified
event.go::method::PixelSizeEvent.Bounds	ported	src/ultraviolet/event.cr	verified
event.go::method::Size.Bounds	ported	src/ultraviolet/event.cr	verified
event.go::method::TerminalVersionEvent.String	ported	src/ultraviolet/event.cr	verified
event.go::method::UnknownApcEvent.String	ported	src/ultraviolet/event.cr	verified
event.go::method::UnknownCsiEvent.String	ported	src/ultraviolet/event.cr	verified
event.go::method::UnknownDcsEvent.String	ported	src/ultraviolet/event.cr	verified
event.go::method::UnknownEvent.String	ported	src/ultraviolet/event.cr	verified
event.go::method::UnknownOscEvent.String	ported	src/ultraviolet/event.cr	verified
event.go::method::UnknownPmEvent.String	ported	src/ultraviolet/event.cr	verified
event.go::method::UnknownSosEvent.String	ported	src/ultraviolet/event.cr	verified
event.go::method::UnknownSs3Event.String	ported	src/ultraviolet/event.cr	verified
event.go::method::WindowSizeEvent.Bounds	ported	src/ultraviolet/event.cr	verified
event.go::struct::BackgroundColorEvent	ported	src/ultraviolet/event.cr	verified
event.go::struct::BlurEvent	ported	src/ultraviolet/event.cr	verified
event.go::struct::CapabilityEvent	ported	src/ultraviolet/event.cr	verified
event.go::struct::ClipboardEvent	ported	src/ultraviolet/event.cr	verified
event.go::struct::CursorColorEvent	ported	src/ultraviolet/event.cr	verified
event.go::struct::CursorPositionEvent	ported	src/ultraviolet/event.cr	verified
event.go::struct::DarkColorSchemeEvent	ported	src/ultraviolet/event.cr	verified
event.go::struct::FocusEvent	ported	src/ultraviolet/event.cr	verified
event.go::struct::ForegroundColorEvent	ported	src/ultraviolet/event.cr	verified
event.go::struct::KeyboardEnhancementsEvent	ported	src/ultraviolet/event.cr	verified
event.go::struct::KittyGraphicsEvent	ported	src/ultraviolet/event.cr	verified
event.go::struct::LightColorSchemeEvent	ported	src/ultraviolet/event.cr	verified
event.go::struct::ModeReportEvent	ported	src/ultraviolet/event.cr	verified
event.go::struct::ModifyOtherKeysEvent	ported	src/ultraviolet/event.cr	verified
event.go::struct::PasteEndEvent	ported	src/ultraviolet/event.cr	verified
event.go::struct::PasteEvent	ported	src/ultraviolet/event.cr	verified
event.go::struct::PasteStartEvent	ported	src/ultraviolet/event.cr	verified
event.go::struct::Size	ported	src/ultraviolet/event.cr	verified
event.go::struct::TerminalVersionEvent	ported	src/ultraviolet/event.cr	verified
event.go::struct::WindowOpEvent	ported	src/ultraviolet/event.cr	verified
event.go::type::CellSizeEvent	ported	src/ultraviolet/event.cr	verified
event.go::type::ClipboardSelection	ported	src/ultraviolet/event.cr	verified
event.go::type::Event	ported	src/ultraviolet/event.cr	verified
event.go::type::EventStreamer	ported	src/ultraviolet/event.cr	verified
event.go::type::KeyEvent	ported	src/ultraviolet/event.cr	verified
event.go::type::KeyPressEvent	ported	src/ultraviolet/event.cr	verified
event.go::type::KeyReleaseEvent	ported	src/ultraviolet/event.cr	verified
event.go::type::MouseClickEvent	ported	src/ultraviolet/event.cr	verified
event.go::type::MouseEvent	ported	src/ultraviolet/event.cr	verified
event.go::type::MouseMotionEvent	ported	src/ultraviolet/event.cr	verified
event.go::type::MouseReleaseEvent	ported	src/ultraviolet/event.cr	verified
event.go::type::MouseWheelEvent	ported	src/ultraviolet/event.cr	verified
event.go::type::MultiEvent	ported	src/ultraviolet/event.cr	verified
event.go::type::PixelSizeEvent	ported	src/ultraviolet/event.cr	verified
event.go::type::PrimaryDeviceAttributesEvent	ported	src/ultraviolet/event.cr	verified
event.go::type::SecondaryDeviceAttributesEvent	ported	src/ultraviolet/event.cr	verified
event.go::type::TertiaryDeviceAttributesEvent	ported	src/ultraviolet/event.cr	verified
event.go::type::UnknownApcEvent	ported	src/ultraviolet/event.cr	verified
event.go::type::UnknownCsiEvent	ported	src/ultraviolet/event.cr	verified
event.go::type::UnknownDcsEvent	ported	src/ultraviolet/event.cr	verified
event.go::type::UnknownEvent	ported	src/ultraviolet/event.cr	verified
event.go::type::UnknownOscEvent	ported	src/ultraviolet/event.cr	verified
event.go::type::UnknownPmEvent	ported	src/ultraviolet/event.cr	verified
event.go::type::UnknownSosEvent	ported	src/ultraviolet/event.cr	verified
event.go::type::UnknownSs3Event	ported	src/ultraviolet/event.cr	verified
event.go::type::WindowSizeEvent	ported	src/ultraviolet/event.cr	verified
examples/image/main.go::method::imageEncoding.String	intentional_divergence	src/ultraviolet/image_encoding.cr	ImageEncoding enum ported; full example depends on external image libraries (mosaic, sixel, iTerm2, kitty)
key.go::const::KeyBackspace	ported	src/ultraviolet/key.cr	verified
key.go::const::KeyBegin	ported	src/ultraviolet/key.cr	verified
key.go::const::KeyCapsLock	ported	src/ultraviolet/key.cr	verified
key.go::const::KeyDelete	ported	src/ultraviolet/key.cr	verified
key.go::const::KeyDown	ported	src/ultraviolet/key.cr	verified
key.go::const::KeyEnd	ported	src/ultraviolet/key.cr	verified
key.go::const::KeyEnter	ported	src/ultraviolet/key.cr	verified
key.go::const::KeyEsc	ported	src/ultraviolet/key.cr	verified
key.go::const::KeyEscape	ported	src/ultraviolet/key.cr	verified
key.go::const::KeyExtended	ported	src/ultraviolet/key.cr	verified
key.go::const::KeyF1	ported	src/ultraviolet/key.cr	verified
key.go::const::KeyF10	ported	src/ultraviolet/key.cr	verified
key.go::const::KeyF11	ported	src/ultraviolet/key.cr	verified
key.go::const::KeyF12	ported	src/ultraviolet/key.cr	verified
key.go::const::KeyF13	ported	src/ultraviolet/key.cr	verified
key.go::const::KeyF14	ported	src/ultraviolet/key.cr	verified
key.go::const::KeyF15	ported	src/ultraviolet/key.cr	verified
key.go::const::KeyF16	ported	src/ultraviolet/key.cr	verified
key.go::const::KeyF17	ported	src/ultraviolet/key.cr	verified
key.go::const::KeyF18	ported	src/ultraviolet/key.cr	verified
key.go::const::KeyF19	ported	src/ultraviolet/key.cr	verified
key.go::const::KeyF2	ported	src/ultraviolet/key.cr	verified
key.go::const::KeyF20	ported	src/ultraviolet/key.cr	verified
key.go::const::KeyF21	ported	src/ultraviolet/key.cr	verified
key.go::const::KeyF22	ported	src/ultraviolet/key.cr	verified
key.go::const::KeyF23	ported	src/ultraviolet/key.cr	verified
key.go::const::KeyF24	ported	src/ultraviolet/key.cr	verified
key.go::const::KeyF25	ported	src/ultraviolet/key.cr	verified
key.go::const::KeyF26	ported	src/ultraviolet/key.cr	verified
key.go::const::KeyF27	ported	src/ultraviolet/key.cr	verified
key.go::const::KeyF28	ported	src/ultraviolet/key.cr	verified
key.go::const::KeyF29	ported	src/ultraviolet/key.cr	verified
key.go::const::KeyF3	ported	src/ultraviolet/key.cr	verified
key.go::const::KeyF30	ported	src/ultraviolet/key.cr	verified
key.go::const::KeyF31	ported	src/ultraviolet/key.cr	verified
key.go::const::KeyF32	ported	src/ultraviolet/key.cr	verified
key.go::const::KeyF33	ported	src/ultraviolet/key.cr	verified
key.go::const::KeyF34	ported	src/ultraviolet/key.cr	verified
key.go::const::KeyF35	ported	src/ultraviolet/key.cr	verified
key.go::const::KeyF36	ported	src/ultraviolet/key.cr	verified
key.go::const::KeyF37	ported	src/ultraviolet/key.cr	verified
key.go::const::KeyF38	ported	src/ultraviolet/key.cr	verified
key.go::const::KeyF39	ported	src/ultraviolet/key.cr	verified
key.go::const::KeyF4	ported	src/ultraviolet/key.cr	verified
key.go::const::KeyF40	ported	src/ultraviolet/key.cr	verified
key.go::const::KeyF41	ported	src/ultraviolet/key.cr	verified
key.go::const::KeyF42	ported	src/ultraviolet/key.cr	verified
key.go::const::KeyF43	ported	src/ultraviolet/key.cr	verified
key.go::const::KeyF44	ported	src/ultraviolet/key.cr	verified
key.go::const::KeyF45	ported	src/ultraviolet/key.cr	verified
key.go::const::KeyF46	ported	src/ultraviolet/key.cr	verified
key.go::const::KeyF47	ported	src/ultraviolet/key.cr	verified
key.go::const::KeyF48	ported	src/ultraviolet/key.cr	verified
key.go::const::KeyF49	ported	src/ultraviolet/key.cr	verified
key.go::const::KeyF5	ported	src/ultraviolet/key.cr	verified
key.go::const::KeyF50	ported	src/ultraviolet/key.cr	verified
key.go::const::KeyF51	ported	src/ultraviolet/key.cr	verified
key.go::const::KeyF52	ported	src/ultraviolet/key.cr	verified
key.go::const::KeyF53	ported	src/ultraviolet/key.cr	verified
key.go::const::KeyF54	ported	src/ultraviolet/key.cr	verified
key.go::const::KeyF55	ported	src/ultraviolet/key.cr	verified
key.go::const::KeyF56	ported	src/ultraviolet/key.cr	verified
key.go::const::KeyF57	ported	src/ultraviolet/key.cr	verified
key.go::const::KeyF58	ported	src/ultraviolet/key.cr	verified
key.go::const::KeyF59	ported	src/ultraviolet/key.cr	verified
key.go::const::KeyF6	ported	src/ultraviolet/key.cr	verified
key.go::const::KeyF60	ported	src/ultraviolet/key.cr	verified
key.go::const::KeyF61	ported	src/ultraviolet/key.cr	verified
key.go::const::KeyF62	ported	src/ultraviolet/key.cr	verified
key.go::const::KeyF63	ported	src/ultraviolet/key.cr	verified
key.go::const::KeyF7	ported	src/ultraviolet/key.cr	verified
key.go::const::KeyF8	ported	src/ultraviolet/key.cr	verified
key.go::const::KeyF9	ported	src/ultraviolet/key.cr	verified
key.go::const::KeyFind	ported	src/ultraviolet/key.cr	verified
key.go::const::KeyHome	ported	src/ultraviolet/key.cr	verified
key.go::const::KeyInsert	ported	src/ultraviolet/key.cr	verified
key.go::const::KeyIsoLevel3Shift	ported	src/ultraviolet/key.cr	verified
key.go::const::KeyIsoLevel5Shift	ported	src/ultraviolet/key.cr	verified
key.go::const::KeyKp0	ported	src/ultraviolet/key.cr	verified
key.go::const::KeyKp1	ported	src/ultraviolet/key.cr	verified
key.go::const::KeyKp2	ported	src/ultraviolet/key.cr	verified
key.go::const::KeyKp3	ported	src/ultraviolet/key.cr	verified
key.go::const::KeyKp4	ported	src/ultraviolet/key.cr	verified
key.go::const::KeyKp5	ported	src/ultraviolet/key.cr	verified
key.go::const::KeyKp6	ported	src/ultraviolet/key.cr	verified
key.go::const::KeyKp7	ported	src/ultraviolet/key.cr	verified
key.go::const::KeyKp8	ported	src/ultraviolet/key.cr	verified
key.go::const::KeyKp9	ported	src/ultraviolet/key.cr	verified
key.go::const::KeyKpBegin	ported	src/ultraviolet/key.cr	verified
key.go::const::KeyKpComma	ported	src/ultraviolet/key.cr	verified
key.go::const::KeyKpDecimal	ported	src/ultraviolet/key.cr	verified
key.go::const::KeyKpDelete	ported	src/ultraviolet/key.cr	verified
key.go::const::KeyKpDivide	ported	src/ultraviolet/key.cr	verified
key.go::const::KeyKpDown	ported	src/ultraviolet/key.cr	verified
key.go::const::KeyKpEnd	ported	src/ultraviolet/key.cr	verified
key.go::const::KeyKpEnter	ported	src/ultraviolet/key.cr	verified
key.go::const::KeyKpEqual	ported	src/ultraviolet/key.cr	verified
key.go::const::KeyKpHome	ported	src/ultraviolet/key.cr	verified
key.go::const::KeyKpInsert	ported	src/ultraviolet/key.cr	verified
key.go::const::KeyKpLeft	ported	src/ultraviolet/key.cr	verified
key.go::const::KeyKpMinus	ported	src/ultraviolet/key.cr	verified
key.go::const::KeyKpMultiply	ported	src/ultraviolet/key.cr	verified
key.go::const::KeyKpPgDown	ported	src/ultraviolet/key.cr	verified
key.go::const::KeyKpPgUp	ported	src/ultraviolet/key.cr	verified
key.go::const::KeyKpPlus	ported	src/ultraviolet/key.cr	verified
key.go::const::KeyKpRight	ported	src/ultraviolet/key.cr	verified
key.go::const::KeyKpSep	ported	src/ultraviolet/key.cr	verified
key.go::const::KeyKpUp	ported	src/ultraviolet/key.cr	verified
key.go::const::KeyLeft	ported	src/ultraviolet/key.cr	verified
key.go::const::KeyLeftAlt	ported	src/ultraviolet/key.cr	verified
key.go::const::KeyLeftCtrl	ported	src/ultraviolet/key.cr	verified
key.go::const::KeyLeftHyper	ported	src/ultraviolet/key.cr	verified
key.go::const::KeyLeftMeta	ported	src/ultraviolet/key.cr	verified
key.go::const::KeyLeftShift	ported	src/ultraviolet/key.cr	verified
key.go::const::KeyLeftSuper	ported	src/ultraviolet/key.cr	verified
key.go::const::KeyLowerVol	ported	src/ultraviolet/key.cr	verified
key.go::const::KeyMediaFastForward	ported	src/ultraviolet/key.cr	verified
key.go::const::KeyMediaNext	ported	src/ultraviolet/key.cr	verified
key.go::const::KeyMediaPause	ported	src/ultraviolet/key.cr	verified
key.go::const::KeyMediaPlay	ported	src/ultraviolet/key.cr	verified
key.go::const::KeyMediaPlayPause	ported	src/ultraviolet/key.cr	verified
key.go::const::KeyMediaPrev	ported	src/ultraviolet/key.cr	verified
key.go::const::KeyMediaRecord	ported	src/ultraviolet/key.cr	verified
key.go::const::KeyMediaReverse	ported	src/ultraviolet/key.cr	verified
key.go::const::KeyMediaRewind	ported	src/ultraviolet/key.cr	verified
key.go::const::KeyMediaStop	ported	src/ultraviolet/key.cr	verified
key.go::const::KeyMenu	ported	src/ultraviolet/key.cr	verified
key.go::const::KeyMute	ported	src/ultraviolet/key.cr	verified
key.go::const::KeyNumLock	ported	src/ultraviolet/key.cr	verified
key.go::const::KeyPause	ported	src/ultraviolet/key.cr	verified
key.go::const::KeyPgDown	ported	src/ultraviolet/key.cr	verified
key.go::const::KeyPgUp	ported	src/ultraviolet/key.cr	verified
key.go::const::KeyPrintScreen	ported	src/ultraviolet/key.cr	verified
key.go::const::KeyRaiseVol	ported	src/ultraviolet/key.cr	verified
key.go::const::KeyReturn	ported	src/ultraviolet/key.cr	verified
key.go::const::KeyRight	ported	src/ultraviolet/key.cr	verified
key.go::const::KeyRightAlt	ported	src/ultraviolet/key.cr	verified
key.go::const::KeyRightCtrl	ported	src/ultraviolet/key.cr	verified
key.go::const::KeyRightHyper	ported	src/ultraviolet/key.cr	verified
key.go::const::KeyRightMeta	ported	src/ultraviolet/key.cr	verified
key.go::const::KeyRightShift	ported	src/ultraviolet/key.cr	verified
key.go::const::KeyRightSuper	ported	src/ultraviolet/key.cr	verified
key.go::const::KeyScrollLock	ported	src/ultraviolet/key.cr	verified
key.go::const::KeySelect	ported	src/ultraviolet/key.cr	verified
key.go::const::KeySpace	ported	src/ultraviolet/key.cr	verified
key.go::const::KeyTab	ported	src/ultraviolet/key.cr	verified
key.go::const::KeyUp	ported	src/ultraviolet/key.cr	verified
key.go::const::ModAlt	ported	src/ultraviolet/key.cr	verified
key.go::const::ModCapsLock	ported	src/ultraviolet/key.cr	verified
key.go::const::ModCtrl	ported	src/ultraviolet/key.cr	verified
key.go::const::ModHyper	ported	src/ultraviolet/key.cr	verified
key.go::const::ModMeta	ported	src/ultraviolet/key.cr	verified
key.go::const::ModNumLock	ported	src/ultraviolet/key.cr	verified
key.go::const::ModScrollLock	ported	src/ultraviolet/key.cr	verified
key.go::const::ModShift	ported	src/ultraviolet/key.cr	verified
key.go::const::ModSuper	ported	src/ultraviolet/key.cr	verified
key.go::method::Key.Keystroke	ported	src/ultraviolet/key.cr	verified
key.go::method::Key.MatchString	ported	src/ultraviolet/key.cr	verified
key.go::method::Key.String	ported	src/ultraviolet/key.cr	verified
key.go::method::KeyMod.Contains	ported	src/ultraviolet/key.cr	verified
key.go::struct::Key	ported	src/ultraviolet/key.cr	verified
key.go::type::KeyMod	ported	src/ultraviolet/key.cr	verified
layout/layout.go::func::BottomCenterRect	ported	src/ultraviolet/layout.cr	verified
layout/layout.go::func::BottomLeftRect	ported	src/ultraviolet/layout.cr	verified
layout/layout.go::func::BottomRightRect	ported	src/ultraviolet/layout.cr	verified
layout/layout.go::func::CenterRect	ported	src/ultraviolet/layout.cr	verified
layout/layout.go::func::LeftCenterRect	ported	src/ultraviolet/layout.cr	verified
layout/layout.go::func::Ratio	ported	src/ultraviolet/layout.cr	verified
layout/layout.go::func::RightCenterRect	ported	src/ultraviolet/layout.cr	verified
layout/layout.go::func::SplitHorizontal	ported	src/ultraviolet/layout.cr	verified
layout/layout.go::func::SplitVertical	ported	src/ultraviolet/layout.cr	verified
layout/layout.go::func::TopCenterRect	ported	src/ultraviolet/layout.cr	verified
layout/layout.go::func::TopLeftRect	ported	src/ultraviolet/layout.cr	verified
layout/layout.go::func::TopRightRect	ported	src/ultraviolet/layout.cr	verified
layout/layout.go::method::Fixed.Apply	ported	src/ultraviolet/layout.cr	verified
layout/layout.go::method::Percent.Apply	ported	src/ultraviolet/layout.cr	verified
layout/layout.go::type::Constraint	ported	src/ultraviolet/layout.cr	verified
layout/layout.go::type::Fixed	ported	src/ultraviolet/layout.cr	verified
layout/layout.go::type::Percent	ported	src/ultraviolet/layout.cr	verified
logger.go::type::Logger	ported	src/ultraviolet/logger.cr	verified
mouse.go::const::MouseBackward	ported	src/ultraviolet/mouse.cr	verified
mouse.go::const::MouseButton10	ported	src/ultraviolet/mouse.cr	verified
mouse.go::const::MouseButton11	ported	src/ultraviolet/mouse.cr	verified
mouse.go::const::MouseForward	ported	src/ultraviolet/mouse.cr	verified
mouse.go::const::MouseLeft	ported	src/ultraviolet/mouse.cr	verified
mouse.go::const::MouseMiddle	ported	src/ultraviolet/mouse.cr	verified
mouse.go::const::MouseModeClick	ported	src/ultraviolet/mouse.cr	verified
mouse.go::const::MouseModeDrag	ported	src/ultraviolet/mouse.cr	verified
mouse.go::const::MouseModeMotion	ported	src/ultraviolet/mouse.cr	verified
mouse.go::const::MouseModeNone	ported	src/ultraviolet/mouse.cr	verified
mouse.go::const::MouseNone	ported	src/ultraviolet/mouse.cr	verified
mouse.go::const::MouseRight	ported	src/ultraviolet/mouse.cr	verified
mouse.go::const::MouseWheelDown	ported	src/ultraviolet/mouse.cr	verified
mouse.go::const::MouseWheelLeft	ported	src/ultraviolet/mouse.cr	verified
mouse.go::const::MouseWheelRight	ported	src/ultraviolet/mouse.cr	verified
mouse.go::const::MouseWheelUp	ported	src/ultraviolet/mouse.cr	verified
mouse.go::method::Mouse.String	ported	src/ultraviolet/mouse.cr	verified
mouse.go::struct::Mouse	ported	src/ultraviolet/mouse.cr	verified
mouse.go::type::MouseButton	ported	src/ultraviolet/mouse.cr	verified
mouse.go::type::MouseMode	ported	src/ultraviolet/mouse.cr	verified
poll_bsd.go::method::kqueueReader.Cancel	ported	src/ultraviolet/poll_bsd.cr	verified
poll_bsd.go::method::kqueueReader.Close	ported	src/ultraviolet/poll_bsd.cr	verified
poll_bsd.go::method::kqueueReader.Poll	ported	src/ultraviolet/poll_bsd.cr	verified
poll_bsd.go::method::kqueueReader.Read	ported	src/ultraviolet/poll_bsd.cr	verified
poll_fallback.go::method::fallbackReader.Cancel	ported	src/ultraviolet/poll_fallback.cr	verified
poll_fallback.go::method::fallbackReader.Close	ported	src/ultraviolet/poll_fallback.cr	verified
poll_fallback.go::method::fallbackReader.Poll	ported	src/ultraviolet/poll_fallback.cr	verified
poll_fallback.go::method::fallbackReader.Read	ported	src/ultraviolet/poll_fallback.cr	verified
poll_linux.go::method::epollReader.Cancel	ported	src/ultraviolet/poll_linux.cr	verified
poll_linux.go::method::epollReader.Close	ported	src/ultraviolet/poll_linux.cr	verified
poll_linux.go::method::epollReader.Poll	ported	src/ultraviolet/poll_linux.cr	verified
poll_linux.go::method::epollReader.Read	ported	src/ultraviolet/poll_linux.cr	verified
poll_select.go::method::selectReader.Cancel	ported	src/ultraviolet/poll_select.cr	verified
poll_select.go::method::selectReader.Close	ported	src/ultraviolet/poll_select.cr	verified
poll_select.go::method::selectReader.Poll	ported	src/ultraviolet/poll_select.cr	verified
poll_select.go::method::selectReader.Read	ported	src/ultraviolet/poll_select.cr	verified
poll_windows.go::method::conReader.Cancel	ported	src/ultraviolet/poll_windows.cr	verified
poll_windows.go::method::conReader.Close	ported	src/ultraviolet/poll_windows.cr	verified
poll_windows.go::method::conReader.Poll	ported	src/ultraviolet/poll_windows.cr	verified
poll_windows.go::method::conReader.Read	ported	src/ultraviolet/poll_windows.cr	verified
screen/context.go::func::NewContext	ported	src/ultraviolet/screen_context.cr	verified
screen/context.go::method::Context.DrawString	ported	src/ultraviolet/screen_context.cr	verified
screen/context.go::method::Context.DrawStringWrapped	ported	src/ultraviolet/screen_context.cr	verified
screen/context.go::method::Context.MoveTo	ported	src/ultraviolet/screen_context.cr	verified
screen/context.go::method::Context.Position	ported	src/ultraviolet/screen_context.cr	verified
screen/context.go::method::Context.Print	ported	src/ultraviolet/screen_context.cr	verified
screen/context.go::method::Context.Printf	ported	src/ultraviolet/screen_context.cr	verified
screen/context.go::method::Context.Println	ported	src/ultraviolet/screen_context.cr	verified
screen/context.go::method::Context.Reset	ported	src/ultraviolet/screen_context.cr	verified
screen/context.go::method::Context.SetAttrs	ported	src/ultraviolet/screen_context.cr	verified
screen/context.go::method::Context.SetBackground	ported	src/ultraviolet/screen_context.cr	verified
screen/context.go::method::Context.SetBlink	ported	src/ultraviolet/screen_context.cr	verified
screen/context.go::method::Context.SetBold	ported	src/ultraviolet/screen_context.cr	verified
screen/context.go::method::Context.SetConceal	ported	src/ultraviolet/screen_context.cr	verified
screen/context.go::method::Context.SetFaint	ported	src/ultraviolet/screen_context.cr	verified
screen/context.go::method::Context.SetForeground	ported	src/ultraviolet/screen_context.cr	verified
screen/context.go::method::Context.SetItalic	ported	src/ultraviolet/screen_context.cr	verified
screen/context.go::method::Context.SetLink	ported	src/ultraviolet/screen_context.cr	verified
screen/context.go::method::Context.SetPosition	ported	src/ultraviolet/screen_context.cr	verified
screen/context.go::method::Context.SetReverse	ported	src/ultraviolet/screen_context.cr	verified
screen/context.go::method::Context.SetStrikethrough	ported	src/ultraviolet/screen_context.cr	verified
screen/context.go::method::Context.SetStyle	ported	src/ultraviolet/screen_context.cr	verified
screen/context.go::method::Context.SetURL	ported	src/ultraviolet/screen_context.cr	verified
screen/context.go::method::Context.SetUnderline	ported	src/ultraviolet/screen_context.cr	verified
screen/context.go::method::Context.SetUnderlineColor	ported	src/ultraviolet/screen_context.cr	verified
screen/context.go::method::Context.SetUnderlineStyle	ported	src/ultraviolet/screen_context.cr	verified
screen/context.go::method::Context.WithAttrs	ported	src/ultraviolet/screen_context.cr	verified
screen/context.go::method::Context.WithBackground	ported	src/ultraviolet/screen_context.cr	verified
screen/context.go::method::Context.WithBlink	ported	src/ultraviolet/screen_context.cr	verified
screen/context.go::method::Context.WithBold	ported	src/ultraviolet/screen_context.cr	verified
screen/context.go::method::Context.WithConceal	ported	src/ultraviolet/screen_context.cr	verified
screen/context.go::method::Context.WithFaint	ported	src/ultraviolet/screen_context.cr	verified
screen/context.go::method::Context.WithForeground	ported	src/ultraviolet/screen_context.cr	verified
screen/context.go::method::Context.WithItalic	ported	src/ultraviolet/screen_context.cr	verified
screen/context.go::method::Context.WithLink	ported	src/ultraviolet/screen_context.cr	verified
screen/context.go::method::Context.WithPosition	ported	src/ultraviolet/screen_context.cr	verified
screen/context.go::method::Context.WithReverse	ported	src/ultraviolet/screen_context.cr	verified
screen/context.go::method::Context.WithStrikethrough	ported	src/ultraviolet/screen_context.cr	verified
screen/context.go::method::Context.WithStyle	ported	src/ultraviolet/screen_context.cr	verified
screen/context.go::method::Context.WithURL	ported	src/ultraviolet/screen_context.cr	verified
screen/context.go::method::Context.WithUnderline	ported	src/ultraviolet/screen_context.cr	verified
screen/context.go::method::Context.WithUnderlineColor	ported	src/ultraviolet/screen_context.cr	verified
screen/context.go::method::Context.WithUnderlineStyle	ported	src/ultraviolet/screen_context.cr	verified
screen/context.go::method::Context.Write	ported	src/ultraviolet/screen_context.cr	verified
screen/context.go::method::Context.WriteString	ported	src/ultraviolet/screen_context.cr	verified
screen/context.go::struct::Context	ported	src/ultraviolet/screen_context.cr	verified
screen/screen.go::func::Clear	ported	src/ultraviolet/screen.cr	verified
screen/screen.go::func::ClearArea	ported	src/ultraviolet/screen.cr	verified
screen/screen.go::func::Clone	ported	src/ultraviolet/screen.cr	verified
screen/screen.go::func::CloneArea	ported	src/ultraviolet/screen.cr	verified
screen/screen.go::func::Fill	ported	src/ultraviolet/screen.cr	verified
screen/screen.go::func::FillArea	ported	src/ultraviolet/screen.cr	verified
styled.go::func::NewStyledString	ported	src/ultraviolet/styled.cr	verified
styled.go::func::ReadLink	ported	src/ultraviolet/styled.cr	verified
styled.go::func::ReadStyle	ported	src/ultraviolet/styled.cr	verified
styled.go::method::StyledString.Bounds	ported	src/ultraviolet/styled.cr	verified
styled.go::method::StyledString.Draw	ported	src/ultraviolet/styled.cr	verified
styled.go::method::StyledString.Height	ported	src/ultraviolet/styled.cr	verified
styled.go::method::StyledString.Lines	ported	src/ultraviolet/styled.cr	verified
styled.go::method::StyledString.String	ported	src/ultraviolet/styled.cr	verified
styled.go::method::StyledString.UnicodeWidth	ported	src/ultraviolet/styled.cr	verified
styled.go::method::StyledString.WcWidth	ported	src/ultraviolet/styled.cr	verified
styled.go::struct::StyledString	ported	src/ultraviolet/styled.cr	verified
tabstop.go::const::DefaultTabInterval	ported	src/ultraviolet/tabstop.cr	verified
tabstop.go::func::DefaultTabStops	ported	src/ultraviolet/tabstop.cr	verified
tabstop.go::func::NewTabStops	ported	src/ultraviolet/tabstop.cr	verified
tabstop.go::method::TabStops.Clear	ported	src/ultraviolet/tabstop.cr	verified
tabstop.go::method::TabStops.Find	ported	src/ultraviolet/tabstop.cr	verified
tabstop.go::method::TabStops.IsStop	ported	src/ultraviolet/tabstop.cr	verified
tabstop.go::method::TabStops.Next	ported	src/ultraviolet/tabstop.cr	verified
tabstop.go::method::TabStops.Prev	ported	src/ultraviolet/tabstop.cr	verified
tabstop.go::method::TabStops.Reset	ported	src/ultraviolet/tabstop.cr	verified
tabstop.go::method::TabStops.Resize	ported	src/ultraviolet/tabstop.cr	verified
tabstop.go::method::TabStops.Set	ported	src/ultraviolet/tabstop.cr	verified
tabstop.go::method::TabStops.Width	ported	src/ultraviolet/tabstop.cr	verified
tabstop.go::struct::TabStops	ported	src/ultraviolet/tabstop.cr	verified
terminal.go::const::DefaultBufferSize	ported	src/ultraviolet/terminal.cr	verified
terminal.go::const::DefaultEventTimeout	ported	src/ultraviolet/terminal.cr	verified
terminal.go::func::ControllingTerminal	ported	src/ultraviolet/terminal.cr	verified
terminal.go::func::DefaultOptions	ported	src/ultraviolet/terminal.cr	verified
terminal.go::func::DefaultTerminal	ported	src/ultraviolet/terminal.cr	verified
terminal.go::func::NewTerminal	ported	src/ultraviolet/terminal.cr	verified
terminal.go::method::Terminal.Events	ported	src/ultraviolet/terminal.cr	verified
terminal.go::method::Terminal.Read	ported	src/ultraviolet/terminal.cr	verified
terminal.go::method::Terminal.Screen	ported	src/ultraviolet/terminal.cr	verified
terminal.go::method::Terminal.SendEvent	ported	src/ultraviolet/terminal.cr	verified
terminal.go::method::Terminal.SetLogger	ported	src/ultraviolet/terminal.cr	verified
terminal.go::method::Terminal.Start	ported	src/ultraviolet/terminal.cr	verified
terminal.go::method::Terminal.Stop	ported	src/ultraviolet/terminal.cr	verified
terminal.go::method::Terminal.Wait	ported	src/ultraviolet/terminal.cr	verified
terminal.go::method::Terminal.Write	ported	src/ultraviolet/terminal.cr	verified
terminal.go::struct::Options	ported	src/ultraviolet/terminal.cr	verified
terminal.go::struct::Terminal	ported	src/ultraviolet/terminal.cr	verified
terminal_reader.go::const::DefaultEscTimeout	ported	src/ultraviolet/terminal_reader.cr	verified
terminal_reader.go::func::NewTerminalReader	ported	src/ultraviolet/terminal_reader.cr	verified
terminal_reader.go::method::TerminalReader.SetLogger	ported	src/ultraviolet/terminal_reader.cr	verified
terminal_reader.go::method::TerminalReader.StreamEvents	ported	src/ultraviolet/terminal_reader.cr	verified
terminal_reader.go::struct::TerminalReader	ported	src/ultraviolet/terminal_reader.cr	verified
terminal_renderer.go::func::NewTerminalRenderer	ported	src/ultraviolet/terminal_renderer.cr	verified
terminal_renderer.go::method::TerminalRenderer.Buffered	ported	src/ultraviolet/terminal_renderer.cr	verified
terminal_renderer.go::method::TerminalRenderer.EnterAltScreen	ported	src/ultraviolet/terminal_renderer.cr	verified
terminal_renderer.go::method::TerminalRenderer.Erase	ported	src/ultraviolet/terminal_renderer.cr	verified
terminal_renderer.go::method::TerminalRenderer.ExitAltScreen	ported	src/ultraviolet/terminal_renderer.cr	verified
terminal_renderer.go::method::TerminalRenderer.Flush	ported	src/ultraviolet/terminal_renderer.cr	verified
terminal_renderer.go::method::TerminalRenderer.Fullscreen	ported	src/ultraviolet/terminal_renderer.cr	verified
terminal_renderer.go::method::TerminalRenderer.MoveTo	ported	src/ultraviolet/terminal_renderer.cr	verified
terminal_renderer.go::method::TerminalRenderer.Position	ported	src/ultraviolet/terminal_renderer.cr	verified
terminal_renderer.go::method::TerminalRenderer.PrependString	ported	src/ultraviolet/terminal_renderer.cr	verified
terminal_renderer.go::method::TerminalRenderer.Redraw	ported	src/ultraviolet/terminal_renderer.cr	verified
terminal_renderer.go::method::TerminalRenderer.Render	ported	src/ultraviolet/terminal_renderer.cr	verified
terminal_renderer.go::method::TerminalRenderer.Resize	ported	src/ultraviolet/terminal_renderer.cr	verified
terminal_renderer.go::method::TerminalRenderer.RestoreCursor	ported	src/ultraviolet/terminal_renderer.cr	verified
terminal_renderer.go::method::TerminalRenderer.SaveCursor	ported	src/ultraviolet/terminal_renderer.cr	verified
terminal_renderer.go::method::TerminalRenderer.SetBackspace	ported	src/ultraviolet/terminal_renderer.cr	verified
terminal_renderer.go::method::TerminalRenderer.SetColorProfile	ported	src/ultraviolet/terminal_renderer.cr	verified
terminal_renderer.go::method::TerminalRenderer.SetFullscreen	ported	src/ultraviolet/terminal_renderer.cr	verified
terminal_renderer.go::method::TerminalRenderer.SetLogger	ported	src/ultraviolet/terminal_renderer.cr	verified
terminal_renderer.go::method::TerminalRenderer.SetMapNewline	ported	src/ultraviolet/terminal_renderer.cr	verified
terminal_renderer.go::method::TerminalRenderer.SetPosition	ported	src/ultraviolet/terminal_renderer.cr	verified
terminal_renderer.go::method::TerminalRenderer.SetRelativeCursor	ported	src/ultraviolet/terminal_renderer.cr	verified
terminal_renderer.go::method::TerminalRenderer.SetScrollOptim	ported	src/ultraviolet/terminal_renderer.cr	verified
terminal_renderer.go::method::TerminalRenderer.SetTabStops	ported	src/ultraviolet/terminal_renderer.cr	verified
terminal_renderer.go::method::TerminalRenderer.Write	ported	src/ultraviolet/terminal_renderer.cr	verified
terminal_renderer.go::method::TerminalRenderer.WriteString	ported	src/ultraviolet/terminal_renderer.cr	verified
terminal_renderer.go::method::capabilities.Contains	ported	src/ultraviolet/terminal_renderer.cr	verified
terminal_renderer.go::method::capabilities.Reset	ported	src/ultraviolet/terminal_renderer.cr	verified
terminal_renderer.go::method::capabilities.Set	ported	src/ultraviolet/terminal_renderer.cr	verified
terminal_renderer.go::method::tFlag.Contains	ported	src/ultraviolet/terminal_renderer.cr	verified
terminal_renderer.go::method::tFlag.Reset	ported	src/ultraviolet/terminal_renderer.cr	verified
terminal_renderer.go::method::tFlag.Set	ported	src/ultraviolet/terminal_renderer.cr	verified
terminal_renderer.go::struct::LineData	ported	src/ultraviolet/terminal_renderer.cr	verified
terminal_renderer.go::struct::TerminalRenderer	ported	src/ultraviolet/terminal_renderer.cr	verified
terminal_screen.go::func::NewTerminalScreen	ported	src/ultraviolet/terminal_screen.cr	verified
terminal_screen.go::method::TerminalScreen.AltScreen	ported	src/ultraviolet/terminal_screen.cr	verified
terminal_screen.go::method::TerminalScreen.BackgroundColor	ported	src/ultraviolet/terminal_screen.cr	verified
terminal_screen.go::method::TerminalScreen.Bounds	ported	src/ultraviolet/terminal_screen.cr	verified
terminal_screen.go::method::TerminalScreen.BracketedPaste	ported	src/ultraviolet/terminal_screen.cr	verified
terminal_screen.go::method::TerminalScreen.CellAt	ported	src/ultraviolet/terminal_screen.cr	verified
terminal_screen.go::method::TerminalScreen.CursorColor	ported	src/ultraviolet/terminal_screen.cr	verified
terminal_screen.go::method::TerminalScreen.CursorPosition	ported	src/ultraviolet/terminal_screen.cr	verified
terminal_screen.go::method::TerminalScreen.CursorStyle	ported	src/ultraviolet/terminal_screen.cr	verified
terminal_screen.go::method::TerminalScreen.CursorVisible	ported	src/ultraviolet/terminal_screen.cr	verified
terminal_screen.go::method::TerminalScreen.DisableBracketedPaste	ported	src/ultraviolet/terminal_screen.cr	verified
terminal_screen.go::method::TerminalScreen.Display	ported	src/ultraviolet/terminal_screen.cr	verified
terminal_screen.go::method::TerminalScreen.EnableBracketedPaste	ported	src/ultraviolet/terminal_screen.cr	verified
terminal_screen.go::method::TerminalScreen.EnterAltScreen	ported	src/ultraviolet/terminal_screen.cr	verified
terminal_screen.go::method::TerminalScreen.ExitAltScreen	ported	src/ultraviolet/terminal_screen.cr	verified
terminal_screen.go::method::TerminalScreen.Flush	ported	src/ultraviolet/terminal_screen.cr	verified
terminal_screen.go::method::TerminalScreen.ForegroundColor	ported	src/ultraviolet/terminal_screen.cr	verified
terminal_screen.go::method::TerminalScreen.HideCursor	ported	src/ultraviolet/terminal_screen.cr	verified
terminal_screen.go::method::TerminalScreen.InsertAbove	ported	src/ultraviolet/terminal_screen.cr	verified
terminal_screen.go::method::TerminalScreen.KeyboardEnhancements	ported	src/ultraviolet/terminal_screen.cr	verified
terminal_screen.go::method::TerminalScreen.MouseMode	ported	src/ultraviolet/terminal_screen.cr	verified
terminal_screen.go::method::TerminalScreen.ProgressBar	ported	src/ultraviolet/terminal_screen.cr	verified
terminal_screen.go::method::TerminalScreen.Render	ported	src/ultraviolet/terminal_screen.cr	verified
terminal_screen.go::method::TerminalScreen.Reset	ported	src/ultraviolet/terminal_screen.cr	verified
terminal_screen.go::method::TerminalScreen.Resize	ported	src/ultraviolet/terminal_screen.cr	verified
terminal_screen.go::method::TerminalScreen.Restore	ported	src/ultraviolet/terminal_screen.cr	verified
terminal_screen.go::method::TerminalScreen.SetBackgroundColor	ported	src/ultraviolet/terminal_screen.cr	verified
terminal_screen.go::method::TerminalScreen.SetCell	ported	src/ultraviolet/terminal_screen.cr	verified
terminal_screen.go::method::TerminalScreen.SetColorProfile	ported	src/ultraviolet/terminal_screen.cr	verified
terminal_screen.go::method::TerminalScreen.SetCursorColor	ported	src/ultraviolet/terminal_screen.cr	verified
terminal_screen.go::method::TerminalScreen.SetCursorPosition	ported	src/ultraviolet/terminal_screen.cr	verified
terminal_screen.go::method::TerminalScreen.SetCursorStyle	ported	src/ultraviolet/terminal_screen.cr	verified
terminal_screen.go::method::TerminalScreen.SetForegroundColor	ported	src/ultraviolet/terminal_screen.cr	verified
terminal_screen.go::method::TerminalScreen.SetKeyboardEnhancements	ported	src/ultraviolet/terminal_screen.cr	verified
terminal_screen.go::method::TerminalScreen.SetMouseMode	ported	src/ultraviolet/terminal_screen.cr	verified
terminal_screen.go::method::TerminalScreen.SetProgressBar	ported	src/ultraviolet/terminal_screen.cr	verified
terminal_screen.go::method::TerminalScreen.SetWidthMethod	ported	src/ultraviolet/terminal_screen.cr	verified
terminal_screen.go::method::TerminalScreen.SetWindowTitle	ported	src/ultraviolet/terminal_screen.cr	verified
terminal_screen.go::method::TerminalScreen.ShowCursor	ported	src/ultraviolet/terminal_screen.cr	verified
terminal_screen.go::method::TerminalScreen.WidthMethod	ported	src/ultraviolet/terminal_screen.cr	verified
terminal_screen.go::method::TerminalScreen.WindowTitle	ported	src/ultraviolet/terminal_screen.cr	verified
terminal_screen.go::method::TerminalScreen.Write	ported	src/ultraviolet/terminal_screen.cr	verified
terminal_screen.go::method::TerminalScreen.WriteString	ported	src/ultraviolet/terminal_screen.cr	verified
terminal_screen.go::struct::TerminalScreen	ported	src/ultraviolet/terminal_screen.cr	verified
tty.go::func::NotifyWinch	ported	src/ultraviolet/tty.cr	verified
tty.go::func::NotifyWinchContext	ported	src/ultraviolet/tty.cr	verified
tty.go::func::OpenTTY	ported	src/ultraviolet/tty.cr	verified
tty.go::func::Suspend	ported	src/ultraviolet/tty.cr	verified
uv.go::const::ProgressBarDefault	ported	src/ultraviolet/uv_api.cr	verified
uv.go::const::ProgressBarError	ported	src/ultraviolet/uv_api.cr	verified
uv.go::const::ProgressBarIndeterminate	ported	src/ultraviolet/uv_api.cr	verified
uv.go::const::ProgressBarNone	ported	src/ultraviolet/uv_api.cr	verified
uv.go::const::ProgressBarWarning	ported	src/ultraviolet/uv_api.cr	verified
uv.go::func::EncodeBackgroundColor	ported	src/ultraviolet/uv_api.cr	verified
uv.go::func::EncodeBracketedPaste	ported	src/ultraviolet/uv_api.cr	verified
uv.go::func::EncodeCursorColor	ported	src/ultraviolet/uv_api.cr	verified
uv.go::func::EncodeCursorStyle	ported	src/ultraviolet/uv_api.cr	verified
uv.go::func::EncodeForegroundColor	ported	src/ultraviolet/uv_api.cr	verified
uv.go::func::EncodeKeyboardEnhancements	ported	src/ultraviolet/uv_api.cr	verified
uv.go::func::EncodeMouseMode	ported	src/ultraviolet/uv_api.cr	verified
uv.go::func::EncodeProgressBar	ported	src/ultraviolet/uv_api.cr	verified
uv.go::func::EncodeWindowTitle	ported	src/ultraviolet/uv_api.cr	verified
uv.go::func::NewCursor	ported	src/ultraviolet/uv_api.cr	verified
uv.go::func::NewKeyboardEnhancements	ported	src/ultraviolet/uv_api.cr	verified
uv.go::func::NewProgressBar	ported	src/ultraviolet/uv_api.cr	verified
uv.go::method::DrawableFunc.Draw	ported	src/ultraviolet/uv_api.cr	verified
uv.go::method::KeyboardEnhancements.Flags	ported	src/ultraviolet/uv_api.cr	verified
uv.go::method::ProgressBarState.String	ported	src/ultraviolet/uv_api.cr	verified
uv.go::struct::Cursor	ported	src/ultraviolet/uv_api.cr	verified
uv.go::struct::KeyboardEnhancements	ported	src/ultraviolet/uv_api.cr	verified
uv.go::struct::ProgressBar	ported	src/ultraviolet/uv_api.cr	verified
uv.go::type::Drawable	ported	src/ultraviolet/uv_api.cr	verified
uv.go::type::DrawableFunc	ported	src/ultraviolet/uv_api.cr	verified
uv.go::type::ProgressBarState	ported	src/ultraviolet/uv_api.cr	verified
uv.go::type::Screen	ported	src/ultraviolet/uv_api.cr	verified
uv.go::type::WidthMethod	ported	src/ultraviolet/uv_api.cr	verified
winch.go::func::NewSizeNotifier	ported	src/ultraviolet/winch.cr	verified
winch.go::method::SizeNotifier.GetSize	ported	src/ultraviolet/winch.cr	verified
winch.go::method::SizeNotifier.GetWindowSize	ported	src/ultraviolet/winch.cr	verified
winch.go::method::SizeNotifier.Start	ported	src/ultraviolet/winch.cr	verified
winch.go::method::SizeNotifier.Stop	ported	src/ultraviolet/winch.cr	verified
winch.go::struct::SizeNotifier	ported	src/ultraviolet/winch.cr	verified
window.go::func::NewScreen	ported	src/ultraviolet/window.cr	verified
window.go::method::Window.Bounds	ported	src/ultraviolet/window.cr	verified
window.go::method::Window.Clone	ported	src/ultraviolet/window.cr	verified
window.go::method::Window.CloneArea	ported	src/ultraviolet/window.cr	verified
window.go::method::Window.HasParent	ported	src/ultraviolet/window.cr	verified
window.go::method::Window.MoveBy	ported	src/ultraviolet/window.cr	verified
window.go::method::Window.MoveTo	ported	src/ultraviolet/window.cr	verified
window.go::method::Window.NewView	ported	src/ultraviolet/window.cr	verified
window.go::method::Window.NewWindow	ported	src/ultraviolet/window.cr	verified
window.go::method::Window.Parent	ported	src/ultraviolet/window.cr	verified
window.go::method::Window.Resize	ported	src/ultraviolet/window.cr	verified
window.go::method::Window.SetWidthMethod	ported	src/ultraviolet/window.cr	verified
window.go::method::Window.WidthMethod	ported	src/ultraviolet/window.cr	verified
window.go::struct::Window	ported	src/ultraviolet/window.cr	verified
